1 ELECTRIC AVESTE 0 SPARKS NV 89434,1
5699 LAS POSITAS ROAD LIVERMORE CA 94550,8
45500 FREMONT BLVD FREMONT CA 94538,4
24300 NANDINA AVEONT8 MORENO VALLEY CA 92551,2
2950 JURUPA ST ONTARIO CA 91761,2
8400 MILLIKEN AVENUE RANCHO CUCAMONGA CA 91730,1
3923 S B STSMF3 STOCKTON CA 95206,1
1600 W AGUA MANSA RDDC 6561 COLTON CA 92324,3
2417 E CARSON ST100 LONG BEACH CA 90810,3
VIA MTY MATAMOROS 592 PARQUEMILENIUM APODACA NL 66600,1
2202 MILLIKEN AVE ONTARIO CA 91761,1
20 ALDAN AVE GLEN MILLS PA 19342,1
103 COMMERCE DR ASTON PA 19014,1
11263 OLEANDER AVELAX9 FONTANA CA 92337,2
3388 S CACTUS AVESBD1 BLOOMINGTON CA 92316,2
3485 WINEVILLE RD. JURUPA VALLEY CA 91752,3
1568 N LINDEN AVELGB8 RIALTO CA 92376,3
8181 W ROOSEVELT STGYR3 PHOENIX AZ 85043,1
45500 FREMONT BLVD. FREMONT CA 94538,1
1535 W 4TH ST SAN BERNARDINO CA 92410,27
2120 NC HIGHWAY 71 NCANT # 45523 MAXTON NC 28364,3
4875 N SUSQUEHANNA TRL YORK PA 17406,1
3500 INDUSTRIAL RD HARRISBURG PA 17110,15
12801 EXCELSIOR DRIVEAMAZON ONLY SANTA FE SPRINGS CA 90670,2
3305 142ND AVE E (DAMCO) SUMNER WA 98390,1
53 SUMMIT LOCK RD WESTFIELD MA 1085,2
2 MAIN ST GARDEN CITY GA 31408,1
830 EAST CENTRE PARK BLVDCP6903 DE SOTO TX 75115,2
2325 W LOUISE AVEMEDLINE INDUSTR MANTECA CA 95337,1
95 NORTH HATFIELD ROAD HATFIELD MA 1038,4
1111 INTERMODAL PKWYALLIANCE CENTER HASLET TX 76052,45
4901 CHANDLER RDPO BOX 1888 MUSKOGEE OK 74403,1
16047 MOUNTAIN AVEXLA3 AMAZON (XLCH2) CHINO CA 91708,2
3960 E US HIGHWAY 90 SEGUIN TX 78155,1
86280 GENE LASSERE BLVD YULEE FL 32097,2
626 LOUCKS MILL RD YORK PA 17403,1
17000 EAST HWY 120 RIPON CA 95366,1
10240 OLD DOWD ROADCLT2 CHARLOTTE NC 28214,1
8800 GUERNSEY INDUSTRIAL CAMBRIDGE OH 43725,1
12400 51ST PLACE SOUTH SEATTLE WA 98178,6
301 LITTLE HEARST PKWYAMAZON PORT WENTWORTH GA 31407,1
2932 142ND AVE E SUMNER WA 98390,1
17341 W MINNEZONA AVE GOODYEAR AZ 85395,1
6540 AUSTIN RDSTACK YARD STOCKTON CA 95205,21
1001 N FM 3083 RD E CONROE TX 77303,1
13501 38TH ST E SUMNER WA 98390,1
BLVD. OMEGA # 2150 PARQUE IND. RAMOS ARIZPE CU 25900,1
1505 S HAVEN AVE ONTARIO CA 91761,1
2702 SUMMIT AVENUE RIALTO CA 92377,1
568 SHORE AIRPORT RDSHIPPING 5372/ 5373 TICONDEROGA NY 12883,1
3770 E WASHINGTON LOS ANGELES CA 90023,26
3215 N MAIN STSTE 0 PARIS TX 75460,2
1340 141ST ST HAMMOND IN 46327,3
6000 DR. LUKE GARRETT JR. MEMO AUSTELL GA 30106,10
CARR MONTERREY-COLOMBIA KM16.5 SALINAS VICTORIA NL 66616,1
246 OLD JACKSON HWYP O BOX 112 BEECH ISLAND SC 29842,2
1730 8TH ST SEGUIN TX 78155,2
2 MAIN ST. GATE 4, GARDEN CITY GARDEN CITY GA 31408,1
2382 ROUTE 715 SOUTHPA 715 TANNERSVILLE PA 18372,2
901 E 233RD ST CARSON CA 90745,1
375 KENYON ROADVIRGINIA COMMERCE CTR BLDG 100 SUFFOLK VA 23434,2
2400 COMMERCE CENTER BLVD BETHLEHEM ,NO PA 18015,10
AVE INDUSTRIAS #108FRAC INDUSTRIAL PIMSA APODACA NL 66603,1
10501 N REEMS RD WADDELL AZ 85355,1
600 FREMONT RD E SYRACUSE NY 13057,1
901 PAGE AVE FREMONT CA 94538,1
16200 AVENUE OF CHAMPIONS COVINGTON GA 30014,3
2335 SAINT JOHNS RD LIMA OH 45804,1
3930 N W YEON PORTLAND OR 97210,5
3450 E HOLMES RDMEM1 MEMPHIS TN 38118,2
5990 N CAJON BLVDSBD3 SAN BERNARDINO CA 92407,2
3300 HOGUM BAY RD NEOLM1 LACEY WA 98516,1
3000 CANTRELL SANSOM ROAD FORT WORTH TX 76131,1
423 PITTS SCHOOL RD NW CONCORD,CA NC 28027,1
3960 E JURUPA ST ONTARIO CA 91761,2
1000 VIRGINIA INTERNATION BLVD PORTSMOUTH VA 23703,1
33333 J J LEMMON RDFTW1 DALLAS TX 75241,2
405 PARK DR CARLISLE PA 17015,1
50 ROUTE 67 MECHANICVILLE NY 12118,3
4200 WESTWARD AVENUE COLUMBUS OH 43228,1
771 WATSON CENTER ROAD1 CARSON CA 90745,1
5050 PAXTON ST RUTHERFORD PA 17111,7
601 E 152ND ST CLEVELAND OH 44110,3
32880 WEST 191ST STREET EDGERTON KS 66021,11
500 NORTH ST WINDSOR LOCKS CT 6096,2
7737 HAMPTON BLVD NORFOLK VA 23505,1
125 JAYCEE DRIVE HAZLETON PA 18202,1
8816 US HIGHWAY 301 CLAXTON GA 30417,1
97 LOCUST RD LEWISTOWN PA 17044,2
4039 RIVER RIDGE RD SUMMIT MS 39666,1
215 COUNTY RD 216 PALATKA FL 32177,1
3329 THOROUGHBRED DR LOCKBOURNE OH 43137,7
1200 MASON DIXONCP 7101 CONLEY GA 30288,4
6098 SOUTEL DR JACKSONVILLE FL 32219,6
13060 E TEMPLE AVEBUILDING A CITY OF INDUSTRY CA 91746,2
5281 TOM MURRAY AVE GLENDALE AZ 85301,8
657 W NANCE STAMAZON XLX2 PERRIS CA 92571,2
WAXDALE PLANT8311 16TH ST STURTEVANT WI 53177,2
1710 ATLANTIC AVE CHESAPEAKE ,IC VA 23324,2
555 MARITIME STREETBUILDING D512 OAKLAND CA 94607,1
5300 W OGDEN AVE CICERO IL 60804,6
214 BRISBANE RD PEARLAND TX 77581,1
133 BARNUM RD AYER MA 1432,2
6601 TICO RD TITUSVILLE FL 32780,1
54 S MICHIGAN AVE BUFFALO NY 14203,1
26664 BASELINE RD ELWOOD IL 60421,8
3500 INDIAN AVE PERRIS CA 92571,1
6700 MCLARIN ROAD FAIRBURN GA 30213,11
601 CHELSEA RD ABERDEEN MD 21001,1
333 E. CARRIE SAINT LOUIS MO 63147,2
3701 MONROE WAY PINEVILLE LA 71360,1
98 CABOT BLVD E LANGHORNE PA 19047,11
33201 DOWE AVE UNION CITY CA 94587,1
601 ALLLENDALE ROAD KING OF PRUSSIA PA 19406,1
66 STATION RD CRANBURY NJ 8512,1
2501 N FRAZIER STREET CONROE TX 77303,1
7880 PENN DR BREINIGSVILLE PA 18031,2
4780 6TH STREET SW CEDAR RAPIDS IA 52404,3
585 W 53RD PL DENVER CO 80216,7
6974 SCHANTZ RD ALLENTOWN PA 18106,1
355 CAROB STREET COMPTON CA 90220,1
1650 SOUTH CENTRAL AVENUE COMPTON CA 90220,2
27143 ELWOOD INTL PORT RD ELWOOD IL 60421,2
4012 S KEDZIE AVE CHICAGO IL 60632,21
9802 S HIGHWAY 59 GENTRY AR 72734,3
2825 W MAIN ST BARSTOW CA 92311,5
3880 SOUTHWEST BLVD GROVE CITY OH 43123,1
16900 WEST SCHULTE RD TRACY CA 95377,1
9469 EASTPORT RD JACKSONVILLE FL 32218,1
2001 YELLOW GOOSE ROAD LANCASTER PA 17601,2
601 RANDOLPH ROADTEB9 SOMERSET ,SO NJ 8873,3
10001 N REEMS RD WADDELL AZ 85355,1
775 GELLHORN DRCANT # 26403 HOUSTON TX 77029,7
LIBRAMIENTO OSCAR FLORES TAPIA1505 PARQUE IND. RAMPS ARIZPE RAMOS ARIZPE CU 25900,1
OSCARFLORES 1755-2 PARQUE IND.AMISTAD AEROPUERTO ETAPA II RAMOS ARIZPE CU 25900,1
2800 N HIGHWAY 78 WYLIE ,CO TX 75098,9
12656 ULINE WAY KENOSHA WI 53144,7
1897 ALLEN RD MACON GA 31216,1
3000 NORFOLK SOUTHERN WAY ROSSVILLE TN 38066,3
770 N GUILD AVEWHSE 72 LODI CA 95240,1
14900 ANDREWS RD KANSAS CITY,JA MO 64147,2
401 INDEPENDENCE RDABE8 FLORENCE,BU NJ 8518,1
805 MILL RD LEWISTON ID 83501,1
3867 2ND ST ARCADIA LA 71001,1
15 COMMERCE PKWY WEST JEFFERSON OH 43162,1
18209 80TH AVE S STE A KENT WA 98032,1
2466 FARM ROAD 137PO BOX 9000 PARIS TX 75460,1
2450 WRIGHT BLVD% NORTH AMERICAN PARTS HEBRON KY 41048,2
3309 S CREYTS RD LANSING MI 48917,1
327 WALLACE RD MARIETTA GA 30062,1
10720 METRO MONT PARKWAY CHARLOTTE NC 28269,1
400 S WEAVER ST EMPORIA KS 66801,1
701 WALL AVE WALL PA 15148,2
1789 HUBBARD AVE BATAVIA IL 60510,1
459 CLINE AVE GARY IN 46406,1
2814 S 2ND ST SAINT LOUIS MO 63118,7
5710 WEST BLVD CHARLOTTE NC 28208,12
10700 S STATE HWY 43 SOUTHWEST CITY MO 64863,2
7393 SHAWNEE RD NORTH TONAWANDA NY 14120,5
888 KEARN CREEK CT CITY OF INDUSTRY CA 91745,1
28501 HIGHWAY BLVD KATY,HA TX 77494,1
3935 INTERMODAL DRIVE WINTER HAVEN FL 33884,6
2328 POINT MALLARD DR SECANT # 13567 DECATUR AL 35601,1
3516 S MILITARY HWYORF1 CHESAPEAKE ,IC VA 23323,2
1650 MARION AGOSTASTATE ROUTE 95 WEST MARION OH 43302,1
2900 WEST TRUMAN BLVDP O BOX 1047 JEFFERSON CITY MO 65109,1
910 ANDERSON RD ELLENSBURG WA 98926,1
250 WEST APRA STREETR2PFJ COMPTON CA 90220,1
2101 HILL AVE TOLEDO OH 43607,2
28163 HIGHWAY 28 HAZLEHURST MS 39083,1
4411 MIDLAND BLVDP O BOX 428 FORT SMITH AR 72904,1
801 W BRYN MAWR AVE ITASCA IL 60143,1
7901 FM 1405 RD BAYTOWN TX 77520,1
20500 S ALAMEDA ST CARSON CA 90810,1
5 MAIN ST VAN BUREN AR 72956,1
129 S TREE DR LANCASTER PA 17601,1
1351 WILLIAMS AVE MEMPHIS TN 38104,1
4800 NORTH KIMBALL DR NORTH KANSAS CITY MO 64116,2
14425 MINES RD LAREDO TX 78045,1
1125 PURINA DR GAINESVILLE GA 30501,1
1600 MARIETTA ROAD NW GATE 6 ATLANTA GA 30318,8
11400 88TH AVE. PLEASANT PRAIRIE WI 53158,2
DUMMY ADDRESS 2 GULLEDGE AR 71646,1
4001 E U.S. HWY 90 SEGUIN TX 78155,1
1014 DIXIE STREET CARROLLTON GA 30119,1
1955 W NORTH AVE MELROSE PARK IL 60160,1
20005 E BUSINESS PARKWAY WALNUT CA 91789,2
234 CHARLES DR HOLLAND MI 49424,1
8801 CONGDON HILL DRIVE SUITE MERTZTOWN PA 19539,1
1301 HEINZ DR FREMONT OH 43420,3
2351 TREMONT ROAD SAVANNAH GA 31405,3
701 D ARCY PKWY LATHROP CA 95330,1
1000 MICRO DRGATE #7 MIRA LOMA CA 91752,2
6450 WEST HANNA AVE INDIANAPOLIS IN 46241,2
1800 N DICKEY ROAD SPOKANE VALLEY WA 99212,2
3801 MCINTYRE CT GOLDEN CO80401 GOLDEN CO 80401,1
910 NESTLE WAY BREINIGSVILLE PA 18031,1
2917 GUINOTTE KANSAS CITY,JA MO 64120,2
5200 STERILITE DR ENNIS TX 75119,1
4814 LAMAR AVE MEMPHIS TN 38118,8
437 OLD AUGUSTA RD S RINCON GA 31326,2
8822 ETIWANDA AVE RANCHO CUCAMONGA CA 91739,3
25501 GATEWAY BLVD TRACY CA 95377,1
2040 E 106TH ST STONY IS & 95 IL 60649,8
1620 SOUTH WILMINGTON AVE COMPTON CA 90220,1
DUMMY ADDRESS 6 LIVINGSTON LA 70754,2
4500 COUNTY RD 59 BUTLER IN 46721,1
2309 W BLOOMINGTON RD CHAMPAIGN IL 61821,1
7909 S UNION RIDGE PKWY# PA RIDGEFIELD WA 98642,1
101 1ST ST RUFUS OR 97050,1
7600 SOUTH WESTERN AVE CHICAGO IL 60620,1
24405 KRAMERIA AVE MORENO VALLEY CA 92551,1
8495 116TH ST PLEASANT PRAIRIE WI 53158,1
3025 GUM CTSTE 1 CHESAPEAKE ,IC VA 23321,1
16850 HEACOCK ST MORENO VALLEY CA 92551,1
700 FISH HOUSE RD KEARNY NJ 7032,2
1250 WEST NORTH ST DOVER DE 19904,1
3731 MT. CREEK PKWY DALLAS TX 75236,1
515 KEHOE BLVD CAROL STREAM IL 60188,1
361 WEST 47TH ST CHICAGO IL 60609,9
3100 ALBURTIS RD MACUNGIE PA 18062,1
220 SMOKEY BEAR LN COVINGTON VA 24426,1
11290 CANTU GALLEANO RANCH RD MIRA LOMA CA 91752,1
12885 104TH ST PLEASANT PRAIRIE WI 53158,3
7600 SANTA FE DRSANTA FE RAILROAD HODGKINS IL 60525,3
1635 WESTGATE PARKWAY ATLANTA GA 30336,1
12657 ULINE WAY KENOSHA WI 53144,4
11100 MCCORMICK RD HUNT VALLEY MD 21031,2
1050 SW SPOKANE ST SEATTLE WA 98134,1
3450 W PALM AVE SAN BERNARDINO CA 92407,3
2200 NW BRICKYARD RD TOPEKA KS 66618,2
3700 ZACHARY AVE SHAFTER CA 93263,1
2000 NELSON MILLER PARKWAY LOUISVILLE KY 40223,1
251 E RIDER ST, PERRIS,CA 92571 A PERRIS CA 92571,2
2704 SUMMIT AVENUE RIALTO CA 92377,2
1081 W. MCPHERSON CLYDE OH 43410,2
145 MEAD RDPRG MILL COTTONTON AL 36851,1
1701 INDUSTRIAL WAY LONGVIEW WA 98632,1
3516 S MILITARY HWY CHESAPEAKE ,IC VA 23323,1
13333 N RIVERGATE BLVD PORTLAND OR 97203,1
2100 E TIPTON STDISPATCH OFFICE SEYMOUR IN 47274,1
4412 W 300 NMQJ1 GREENFIELD IN 46140,2
60 E MAIN ST LEOLA PA 17540,2
2301 W SAN BERNARDINO AVE REDLANDS CA 92374,1
2151 S VINTAGE AVE ONTARIO CA 91761,1
125 COUNTY ROAD JERSEY CITY NJ 7307,9
4909 N COMMERCE DR EAST POINT GA 30344,2
441 MASTERS BLVD ANDERSON SC 29626,1
4000 YOSEMITE BLVDPO BOX 576008 MODESTO CA 95354,1
8295 BAVARIA DRIVE MACEDONIA OH 44056,1
1882 HIGHLAND RD TWINSBURG OH 44087,1
375 ORR ST ORRVILLE OH 44667,1
700 KRINER RD CHAMBERSBURG PA 17202,3
4107 AVENUE 360 TRAVER CA 93673,1
8751 RAYO AVE1 SOUTH GATE CA 90280,1
2727 GEESLING RD DENTON TX 76208,1
13305 104TH ST PLEASANT PRAIRIE WI 53158,6
101 MASTERS BLVDATTN LISA ELGIN ANDERSON SC 29626,1
825 ROGERS RD PATTERSON CA 95363,1
799 RTE 206 HILLSBOROUGH NJ 8844,1
12801 EXCELSIOR DRIVE NORWALK CA 90650,1
4004 GALVIN RD CENTRALIA WA 98531,1
1980 TOWNSHIP ROAD 14 VAN BUREN OH 45889,1
671 WASHBURN SWITCH RD SHELBY NC 28150,1
3311 E LINCOLN WAY AMES IA 50010,2
13515 48TH ST ESTE 100 SUMNER WA 98390,1
614 TERMINAL WAY SAN PEDRO CA 90731,2
14600 ROMINE RD CARLETON MI 48117,1
DUMMY ADDRESS 3 HAMBURG AR 71646,1
6001 SYNERGY BLVD KILGORE TX 75662,1
10 SHERIDAN DR TONAWANDA NY 14150,1
2888 EL PRESIDIO STREET CARSON CA 90810,1
801 SUNSHINE RD KANSAS CITY KS 66115,1
18211 E VALLEY HWY KENT WA 98032,2
3501 PASEO DEL NORTE NE ALBUQUERQUE NM 87113,1
14810 FAIRWAY PINES DRIVE MISSOURI CITY TX 77489,1
DUMMY CHICAGO IL 60649,1
570 E MILL ST SAN BERNARDINO CA 92408,1
240A GA HIGHWAY 247 SPUR PERRY GA 31069,1
3004 YADKIN RD CHESAPEAKE ,IC VA 23323,1
3900 BRANDON RD JOLIET IL 60436,1
21250 SOUTHWEST FRONTAGE RD SHOREWOOD IL 60404,1
107 TOM STARLING RDSTE 100 FAYETTEVILLE NC 28306,1
15W460 N FRONTAGE RD BURR RIDGE IL 60527,2
4601-300 BULLS BAY HWY JACKSONVILLE FL 32254,1
1200 GA HIGHWAY 247 S KATHLEEN GA 31047,1
5197 COMMERCE DRIVE YORK PA 17408,1
18810 HARVILL AVE PERRIS CA 92570,1
3660 HIGHWAY 411 NE WHITE GA 30184,1
4555 MOUNT PISGAH RD YORK PA 17406,1
165 S CO RD 300 W FRANKFORT IN 46041,1
2325 UNION PIKE RICHMOND IN 47374,1
700 GA HIGHWAY 133 S, MOULTRIE MOULTRIE GA 31788,1
2820 16TH STREET NORTH BERGEN NJ 7047,1
300 EXECUTIVE WAY NEW BERN NC 28562,2
DUMMY ADDRESS 4 HAMBURG AR 71646,1
1595 OAKLEY INDUSTRIAL BLVD FAIRBURN GA 30213,1
2417 E CARSON ST100 CARSON CA 90810,1
4554 OSCAR NELSON JUNIOR DRDC 7042 BAYTOWN TX 77523,2
3345 MILLER PARK NORTH GARLAND TX 75042,1
4634 RADFORD RD FLOWERY BRANCH GA 30542,1
48188 221ST STREET1563 ELKTON SD 57026,1
DUMMY ADDRESS 4 BONITA LA 71223,1
3776 PEGASUS DRIVE TEMPLE TX 76501,1
27352 RIVER BLUFF AVE REDLANDS CA 92374,1
14141 ALONDRA BLVD SANTA FE SPRINGS CA 90670,1
1701 PIERCE BUTLER ROUTE SAINT PAUL MN 55104,2
1151 S GRAHAM RDIND9 GREENWOOD IN 46143,2
7500 E 53RD PL ROOM 1135 DENVER CO 80266,1
4287 ROUTE 130 EDGEWATER PARK NJ 8010,1
RR 24 BOX EAST MILLSBORO DE 19966,1
27582 PIONEER AVE REDLANDS CA 92374,1
4943 N 900 EATTN BILLING VAN BUREN IN 46991,2
3000 ESPRESSO WAY YORK PA 17406,1
2415 N LOCUST AVE RIALTO CA 92377,1
903 WOODS RD CAMBRIDGE MD 21613,2
550 OAK RIDGE RDAVP1 HAZLETON PA 18202,2
1001 MCCLURE INDUSTRIAL DR JEFFERSON GA 30549,1
572 INDUSTRIAL PARK RD MUNCY PA 17756,1
1980 GETWELL RD MEMPHIS TN 38111,1
2085 TALLEYRAND AVEBLDG B JACKSONVILLE FL 32206,1
4455 E MUSTARD WAYCANT # 7063 SPRINGFIELD MO 65803,1
5770 OLD BATTLEBORO RD BATTLEBORO NC 27809,1
70 JEWETT CITY RD TAFTVILLE CT 6380,2
3000 VIA MONDO RANCHO DOMINGUEZ CA 90221,1
650 SOUTH GUILD LODI CA 95240,1
5801 KROGER DRIVE KELLER TX 76248,1
100 WOODWARD RD SE ALBUQUERQUE NM 87102,1
1901 RAGU DR OWENSBORO KY 42303,1
151 TURNER CT BOWLING GREEN KY 42101,1
2112 ENRICO FERMI DR # 1 SAN DIEGO CA 92154,2
12500 I STWHSE 30 OMAHA NE 68137,1
107 HOW LNSTE 1 NEW BRUNSWICK NJ 8901,1
2020 N POLK ST DE SOTO TX 75115,1
7895 REDWOOD AVE FONTANA CA 92336,1
149 PLAINFIELD ST CHICOPEE MA 1013,1
250 EMERALD DRMDW2 JOLIET IL 60433,1
3144 W PASSYUNK AVE PHILADELPHIA PA 19145,1
2601D COMMERCE DR JONESBORO AR 72401,1
1001 NAVIGATION BLVD FREEPORT TX 77541,1
13252 S YALE JENKS OK 74037,1
7300 N W 69TH AVE MEDLEY FL 33166,1
17569 104TH AVE SURREY BC V4N3M4,1
500 BISON PARKWAY BUFFALO NY 14227,2
5995 W 300 S SALT LAKE CITY UT 84104,2
1302 WHARTON WHEEMS BLVD LA PORTE TX 77571,1
45 BRUNSWICK AVE EDISON ,MI NJ 8817,2
3311 N TORREY RD FLINT MI 48507,1
250 DANIELS WAY BURLINGTON NJ 8016,1
327 MARGARET ST PLATTSBURGH NY 12901,1
1403 CORTINA DR ORLAND CA 95963,1
359 CLAY ROADATTN HELEN WILLIS SUNNYVALE TX 75182,1
13048 VALLEY BLVD FONTANA CA 92335,1
407 PROGRESS DR SHERMAN TX 75092,1
8500 WILLARD DR BREINIGSVILLE PA 18031,1
14101 INDUSTRIAL PARKWAY MARYSVILLE OH 43040,1
DUMMY ADDRESS 1 SHERIDAN LA 70438,1
102 VALLEY VIEW LN IRVING TX 75061,1
1410 UNITED DR SHIPPENSBURG ,CU PA 17257,1
4750 WENDLAND RD TEMPLE TX 76504,1
450 DERWENT PL DELTA BC V3M5Y9,1
4850 W VERNON AVECANT # 29835 KINSTON NC 28504,1
1981 S WESTPORT DR PORT ALLEN LA 70767,1
1010 W 4TH STPSP1 BEAUMONT CA 92223,1
225 PORTWALL ST HOUSTON TX 77029,2
2600 MCCREE RD GARLAND TX 75041,1
3733 N CAPITOL AVE89415 PASCO WA 99301,1
9742 NORTH LOOP DR EL PASO TX 79927,1
855 E HWY 80 W% CONVERTING DEPARTMENT FORNEY TX 75126,1
1835 W FERRY RD STE 100 NAPERVILLE IL 60563,1
SHANGAI 107 SAN LUIS POTOSI SL 79525,1
18180 GATEWAY DR VICTORVILLE CA 92394,1
1000 S 1ST AVE COATESVILLE PA 19320,1
5090 WILLIM MILLS ST JACKSONVILLE FL 32226,1
2225 N COCKRELL HILL RD DALLAS TX 75212,1
614 TERMINAL WAY TERMINAL ISLAND CA 90731,1
17182 NEVADA AVE VICTORVILLE CA 92394,1
510 JONESVILLE RD COLDWATER MI 49036,1
1 QUALITY LNCANT # 11322 CARY NC 27513,1
12801 EXCELSIOR DR NORWALK CA 90670,1
1550 W MAIN ST WEST JEFFERSON OH 43162,1
194 PLEASANT RIDGE RD PLATTSBURGH NY 12901,1
612 ANTRIM COMMONS DR GREENCASTLE PA 17225,1
14409 24TH ST. EDAMCO SUMNER WA 98390,1
900 SCHMIDT ROAD ROMEOVILLE IL 60446,1
777 N 5600 W SALT LAKE CITY UT 84116,1
7350 INDUSTRIAL BLVD ALLENTOWN PA 18106,2
DART CONTAINER4444 LEDBETTER AVE DALLAS TX 75236,1
65 PITTS STATION RD MARION NC 28752,1
266 INDUSTRIAL PARK RD HARTWELL GA 30643,1
2404 W PIONEER PKWY, GRAND PRAIRIE TX 75051,1
100 NE COLUMBIA BLVDP O BOX 3496 PORTLAND OR 97211,1
2820 16TH NORTH BERGEN NJ 7047,1
30 ARROWHEAD INDUSTRIAL BLVD SAINT PETERS MO 63376,1
2901 KENNY BIGGS RD LUMBERTON NC 28358,1
6599 HARPER AVE DETROIT MI 48211,1
2590 CAMPBELL BLVD ELLENWOOD GA 30294,2
151 DAY ST WEST SPRINGFIELD MA 1089,2
870 TAYLOR RD ROMEOVILLE IL 60446,1
4850 EDGEWOOD RD SW CEDAR RAPIDS IA 52404,3
322 3RD ST ELIZABETH NJ 7206,1
2551 LOGISTICS DR JOLIET IL 60436,1
1255 HOWELL RD DUNCAN SC 29334,1
4120 JERSEY PIKE CHATTANOOGA TN 37421,1
ATTN RIE BOWMAN1000 NORTH MISSION SAPULPA OK 74067,1
1055 E NORTH AVE FRESNO CA 93725,1
705 N LINCOLN ST SPRING HILL KS 66083,1
15996 JURUPA AVE FONTANA CA 92337,1
2420 YATES AVE COMMERCE CA 90040,1
180 N MOUNT ZION RD LEBANON IN 46052,1
20212 S RANCHO WAYUNIT A COMPTON CA 90220,1
2924 E 126TH STUNIT 100 CHICAGO IL 60633,1
2255 W PARK PLACE BLVD STONE MOUNTAIN GA 30087,1
245 N VINELAND AVE CITY OF INDUSTRY CA 91746,1
2314 S LAUDERDALE ST MEMPHIS TN 38106,2
14801 SPRING ST SW SUITE B LAKEWOOD ,PI WA 98439,1
13761 AIRPORT RD MAXTON NC 28364,1
1475 WILLIAM J CLARK DRIVE CONWAY AR 72032,2
4325 N MAIN ST FINDLAY OH 45840,1
201 JAMES LAWRENCE RD JACKSON TN 38301,1
2748 WEST WINTON HAYWARD CA 94545,1
1005 101ST ST. LEMONT IL 60439,1
5170 S ARCHIBALD AVE ONTARIO CA 91762,1
30500 SE 79TH ST ISSAQUAH WA 98027,1
55 HOOSIER ST SELBYVILLE DE 19975,1
3150 HIGHWAY 42 LOCUST GROVE GA 30248,1
2300 BECKLEYMEADE AVE DALLAS TX 75232,1
507 W. OWASSA RDSUITE E EDINBURG TX 78542,1
549 DUNCAN ST NEW WESTMINSTER BC V3K5B6,1
210072 TOWNSHIP RD 90B LETHBRIDGE AB T1J5P1,1
4401 RED DEVIL RD HANNIBAL MO 63401,1
2042 AIRPORT CT SE MARIETTA GA 30060,1
825 MADDOX- SIMPSON PARKWAY LEBANON TN 37090,1
1212 VALLEY AVE NWSTE 200 PUYALLUP WA 98371,1
5665 W LOWER BUCKEYE RD PHOENIX AZ 85043,1
5902 SPORTSMANS CLUB ROAD JACKSONVILLE FL 32219,1
10 SONNY PERDUE DR GARDEN CITY GA 31408,1
860 W CARVER RD TEMPE AZ 85283,1
225 LINCOLN HWY FAIRLESS HILLS PA 19030,1
10200 AMARGOSA DR HESPERIA CA 92345,1
2116 E 220TH ST CARSON CA 90810,1
1000 WINDHAM PARKWAY BOLINGBROOK IL 60490,1
845 W 800 N LOGAN UT 84321,1
1001 E MAIN SILOAM SPRINGS AR 72761,1
17000 DESHLER RDBALTIMORE OH45872-8718 NORTH BALTIMORE OH 45872,1
14 MAINSAIL DR NORTH KINGSTOWN RI 2852,2
2970 N LAMB BLVDSTE 115 LAS VEGAS NV 89115,1
12020 GENERAL MILTON LAREDO TX 78045,1
4340 IH-35 NLOT7, SUITE 100 SAN ANTONIO TX 78218,1
1419 S US HIGHWAY 281 FALFURRIAS TX 78355,1
12773 STATE ROUTE 110 NAPOLEON OH 43545,1
101 LIFES GOOD WAY CLARKSVILLE TN 37040,1
DUMMY LAS VEGAS NV 89113,1
687 MARSHALL AVE WILLISTON VT 5495,1
2001 E MCCOMAS ST BALTIMORE MD 21230,1
705 N. LINCOLN SPRING HILL KS 66083,1
2402 R ST NW AUBURN WA 98001,1
7400 95TH ST PLEASANT PRAIRIE WI 53158,3
440 N PIONEER AVESTE 300 WOODLAND CA 95776,1
3305 S CHESTNUT FRESNO CA 93725,1
2089 PILLSBURY DR GENEVA IL 60134,1
5115 FISHER RD COLUMBUS OH 43228,1
DUMMY AUBREY TX 76227,1
555 SAINT JAMES GATE BOLINGBROOK IL 60440,1
101 FABERGE BLVD RAEFORD NC 28376,1
668 BILL JONES INDUSTRIAL DRIVE SPRINGFIELD TN 37172,2
335 HESS STPO BOX DRAWER 828 MADRAS OR 97741,1
9800 72ND AVEKENOSHA PLEASANT PRAIRIE WI 53158,1
10268 ALMOND AVE FONTANA CA 92335,1
4950 POW MIA MEMORIAL PKWY JACKSONVILLE FL 32221,1
465 SAWTELL AVENUE SE ATLANTA GA 30315,1
1886 WILLIAMS ROAD COLUMBUS OH 43207,1
2600 ENTERPRISE DR STURTEVANT WI 53177,1
320 NE CRANEST TOPEKA KS 66601,1
14551 INDUSTRY CIR RENO NV 89506,1
26 STAUFFER INDUSTRIAL PK TAYLOR PA 18517,1
300 GATEWAY PKWY ROANOKE TX 76262,1
1850 W 2530 N FARR WEST UT 84404,1
408 DAKOTA STREET LAKE NORDEN SD 57248,1
145 TALMADGE ROAD EDISON ,MI NJ 8817,1
3500 MARVIN RD NE LACEY WA 98516,1
175 DEL STOVER DRIVE BYHALIA MS 38611,1
7021 N WHIRLPOOL DR TULSA OK 74117,1
3800 N DIVISION ST MORRIS IL 60450,1
200 OLD FLORENCE RD DARLINGTON SC 29532,1
6 LOGISTICS DRIVE BLDG 6 CARLISLE PA 17013,1
8610 SOUTH ATLANTIC AVE SOUTH GATE CA 90280,1
MZA. 10 EJE 128ZONA INDUSTRIAL SAN LUIS POTOS SAN LUIS POTOSI SL 78395,1
820 SPARKS DR CLEBURNE TX 76033,1
LOT 16 COMMERENCE AVENUE GREENCASTLE PA 17225,1
1115 WESEL BLVD HAGERSTOWN MD 21740,1
13277 SAN BERNARDINO AVE FONTANA CA 92335,1
9101 TONNELLE AVE NORTH BERGEN NJ 7047,1
7000 W 71ST ST BEDFORD PARK IL 60638,1
8230 STEDMAN ST HOUSTON TX 77029,1
1950 STERING AVE ONTARIO CA 91761,1
401 ALASKAN WAY S SEATTLE WA 98104,1
1701 WESTINGHOUSE BLVD CHARLOTTE NC 28273,1
2360 COTTONWOOD AVE RIVERSIDE CA 92508,1
1848 NORTH MAIN STREET MANSFIELD TX 76063,1
11559 JERSERY BLVD RANCHO CUCAMONGA CA 91730,1
8050 HERITAGE PARKWAY BRAMPTON ON L6Y0C9,1
76 INTERMODAL DR BRAMPTON ON L6T5K1,1
1331 E AIRPORT FWY IRVING TX 75062,1
8000 TUCKASEEGEE ROADCLT4 CHARLOTTE NC 28214,1
709 PAPERMILL RD DUBLIN GA 31021,1
26890 POWERLINE RD HALSEY OR 97348,1
16300 FERN AVE CHINO CA 91708,1
9950 CALABASH AVE FONTANA CA 92335,1
3 WALKER WAY WEST JEFFERSON OH 43162,1
121 N RD(570) 769-6900) MCELHATTAN PA 17748,1
31031 HIGHWAY 90 E BROOKSHIRE TX 77423,1
14601 GRANT STDEN3 THORNTON CO 80023,1
9250 SOUTH MAIN STREETOFFSITE WAREHOUSE JONESBORO GA 30236,1
400 W LINCOLN AVE LITITZ PA 17543,1
8505 50TH ST KENOSHA WI 53144,1
805 S SANTA FE EL PASO TX 79901,1
1000 E 223RD STCURTIS INTERNA JACOB CARSON CA 90745,1
DUMMY BRONX NY 10460,1
